{"train/return":26.101097106933594,"_wandb":{"runtime":1816},"charts/learning_rate":7.681278164686604e-05,"_timestamp":1.7816325588452566e+09,"time/update_time":0.24322962760925293,"train/episode_len":600,"charts/SPS":10229,"time/rollout_time":1.388758897781372,"time/step":18546688,"losses/clipfrac":0.07225799560546875,"losses/entropy":5.592768669128418,"losses/old_approx_kl":0.0014794484013691545,"eval/reward":0.11096040904521942,"losses/approx_kl":0.0021613342687487602,"losses/policy_loss":-0.004553329199552536,"_runtime":1816.136121981,"losses/explained_variance":0.6086298227310181,"train/reward":0.0435018315911293,"_step":18579456,"losses/value_loss":0.007675789296627045,"eval/episode_len":600,"time/rollout_fps":23595.168356688046,"eval/return":66.57624816894531}