{"losses/old_approx_kl":-9.308243170380592e-05,"losses/approx_kl":4.973236354999244e-05,"charts/learning_rate":9.832841691247428e-08,"charts/SPS":10266,"losses/entropy":6.004848957061768,"time/rollout_fps":15845.178317488419,"train/episode_len":600,"losses/value_loss":2.6783885955810547,"_timestamp":1.7816138869052925e+09,"_wandb":{"runtime":4870},"time/update_time":0.23737263679504395,"losses/clipfrac":0,"_runtime":4870.034077763,"losses/policy_loss":-0.0002464568242430687,"train/reward":0.8616963624954224,"time/step":49987584,"time/rollout_time":1.0340054035186768,"_step":49987584,"losses/explained_variance":0.7575913667678833,"train/return":517.017822265625}