{"time/rollout_fps":25124.467690847505,"_step":49971200,"charts/learning_rate":1.967213114754007e-07,"losses/policy_loss":-0.0002475809305906296,"losses/value_loss":4.644411087036133,"time/rollout_time":1.3042266368865967,"train/episode_len":600,"train/return":530.4469604492188,"train/reward":0.8840782642364502,"losses/approx_kl":1.8967170035466552e-05,"losses/clipfrac":0,"losses/explained_variance":0.8493056297302246,"time/update_time":0.45272278785705566,"time/step":49971200,"charts/SPS":16093,"losses/entropy":7.735847473144531,"_wandb":{"runtime":3106},"_runtime":3106.745907736,"_timestamp":1.7816191435195737e+09,"losses/old_approx_kl":0.00024751084856688976}