{"_step":9994240,"charts/learning_rate":2.459016393442592e-07,"losses/explained_variance":0.8542494773864746,"time/rollout_fps":3721.9881556249193,"time/update_time":0.0921170711517334,"losses/approx_kl":3.4787633921951056e-05,"charts/SPS":3425,"_runtime":2919.048612561,"losses/entropy":-1.4289599657058716,"train/episode_len":600,"_timestamp":1.7810945105173607e+09,"losses/policy_loss":-0.0004593213088810444,"losses/old_approx_kl":0.0004218209651298821,"_wandb":{"runtime":2919},"time/rollout_time":2.200974225997925,"time/step":9994240,"train/reward":0.36511746048927307,"train/return":219.07046508789062,"losses/value_loss":3.390392541885376,"losses/clipfrac":0}