{"_wandb":{"runtime":1642},"time/rollout_time":1.0198047161102295,"charts/SPS":3045,"losses/explained_variance":0.8044034242630005,"losses/entropy":-0.24871492385864258,"train/episode_len":600,"_step":4997120,"time/step":4997120,"charts/learning_rate":0.0003,"train/return":54.848793029785156,"time/update_time":0.05136561393737793,"losses/value_loss":0.6612788438796997,"time/rollout_fps":4016.455244120746,"losses/clipfrac":0.26629638671875,"_timestamp":1.7810897467353134e+09,"train/reward":0.09141465276479721,"losses/policy_loss":-0.03655480965971947,"_runtime":1642.571244082,"losses/approx_kl":0.04323005676269531,"losses/old_approx_kl":0.030333667993545532}